Fragment,# of Occurences,"Start, End"
AAFTECCQAADK,1,"187, 198"
ADDKETCFAEEGK,1,"585, 597"
ADDKETCFAEEGKK,1,"585, 598"
ADLAKYICENQDSISSK,1,"282, 298"
AEFAEVSK,1,"250, 257"
AFKAWAVAR,1,"234, 242"
AVMDDFAAFVEK,1,"570, 581"
CCAAADPHECYAK,1,"384, 396"
CCTESLVNRRPCFSALEVDETYVPK,1,"500, 524"
DVFLGMFLYEYAR,1,"348, 360"
DVFLGMFLYEYARRHPDYSVVLLLR,1,"348, 372"
ECCEKPLLEKSHCIAEVENDEMPADLPSLAADFVESK,1,"301, 337"
ETYGEMADCCAK,1,"106, 117"
ETYGEMADCCAKQEPER,1,"106, 122"
FKDLGEENFK,1,"35, 44"
FPKAEFAEVSK,1,"247, 257"
KLVAASQAALGL,1,"598, 609"
KQTALVELVK,1,"549, 558"
KVPQVSTPTLVEVSR,1,"438, 452"
KYLYEIAR,1,"161, 168"
LAKTYETTLEK,1,"373, 383"
LDELRDEGKASSAK,1,"206, 219"
LKECCEKPLLEK,1,"299, 310"
LVNEVTEFAK,1,"66, 75"
LVNEVTEFAKTCVADESAENCDK,1,"66, 88"
LVRPEVDVMCTAFHDNEETFLK,1,"139, 160"
LVRPEVDVMCTAFHDNEETFLKK,1,"139, 161"
MPCAEDYLSVVLNQLCVLHEK,1,"470, 490"
QEPERNECFLQHK,1,"118, 130"
QEPERNECFLQHKDDNPNLPR,1,"118, 138"
QNCELFEQLGEYK,1,"414, 426"
QNCELFEQLGEYKFQNALLVR,1,"414, 434"
QTALVELVK,1,"550, 558"
RHPDYSVVLLLR,1,"361, 372"
RMPCAEDYLSVVLNQLCVLHEK,1,"469, 490"
RPCFSALEVDETYVPK,1,"509, 524"
RYKAAFTECCQAADK,1,"184, 198"
SHCIAEVENDEMPADLPSLAADFVESK,1,"311, 337"
TCVADESAENCDK,1,"76, 88"
VFDEFKPLVEEPQNLIKQNCELFEQLGEYK,1,"397, 426"
VTKCCTESLVNR,1,"497, 508"
